Residue,Coefficient,P_Value,T_Statistic
1,4.835951459236579,0.9989335748845631,0.0014046453406193948
2,6.26988216625604,0.9989335748840832,0.0014046453412516326
3,7.881197374673207,0.9989335748838866,0.0014046453415105572
5,-8.766464271602693,0.9989335748848992,-0.0014046453401767554
7,-32.962949829404316,0.9989335748849689,-0.0014046453400849634
8,6.711376364664726,0.99893357488427,0.001404645341005467
9,19.30171342117862,0.9989335748843895,0.0014046453408482523
10,16.243501475121178,0.99893357488403,0.0014046453413217282
11,-6.59592427149696,0.9989335748847321,-0.0014046453403968623
12,24.44713188857902,0.9989335748840968,0.001404645341233556
13,4.708161566169342,0.9989335748842416,0.0014046453410430013
14,11.192371137845802,0.998933574884205,0.0014046453410911713
15,6.746454460979767,0.9989335748839951,0.0014046453413676567
16,6.746454460979767,0.9989335748839951,0.0014046453413676567
17,12.748224771175336,0.9989335748836337,0.0014046453418437718
18,15.94561902072783,0.9989335748842525,0.0014046453410286933
19,4.835951459236579,0.9989335748845631,0.0014046453406193948
21,372.62716226736336,0.9989335748802918,0.0014046453462454817
22,5.7188794925103945,0.9989335748843627,0.0014046453408833605
23,24.44713188857902,0.9989335748840968,0.001404645341233556
25,16.243501475121178,0.99893357488403,0.0014046453413217282
26,9.51694673246255,0.9989335748845329,0.0014046453406591657
